Brittnye Abhishek,AbhishekB@aol.com,customer
Tyshelle Lashea,LasheaT@hotmail.com,customer
Madalyn Kassaundra,KassaundraM@facebook.com,customer
Chelsee Bao,BaoC@comcast.net,customer
Geniffer Murad,MuradG@mail.com,customer
Lena Brandee,BrandeeL@msn.com,customer
Kameron Justine,JustineK@mail.com,customer
Galen Leeza,LeezaG@aol.com,customer
Carli Cherree,CherreeC@gmail.com,customer
Homero Aliecia,AlieciaH@facebook.com,customer
Samora Zalman,ZalmanS@comcast.net,customer
Gina Yakima,YakimaG@live.com,customer
Rasan Yobani,YobaniR@att.net,customer
Cicily Lakeidra,LakeidraC@hotmail.com,customer
Kortnee Anniemarie,AnniemarieK@hotmail.com,customer
Junho Kawika,KawikaJ@att.net,customer
Kayci Charise,ChariseK@mail.com,customer
Jocelyn Jeran,JeranJ@aol.com,customer
Keena Roselynn,RoselynnK@mail.com,customer
Roshonda Loreal,LorealR@comcast.net,customer
Dalisha Nekeshia,NekeshiaD@gmail.com,customer
Aldin Muna,MunaA@hotmail.com,customer
Lorielle Liset,LisetL@live.com,customer
Nura Shiv,ShivN@hotmail.com,customer
Stephnie Leviticus,LeviticusS@facebook.com,customer
Hansel Dallen,DallenH@live.com,customer
Maresa Stephanos,StephanosM@comcast.net,customer
Bethanie Malissa,MalissaB@gmail.com,customer
Dathan Derika,DerikaD@comcast.net,customer
Adon Asia,AsiaA@aol.com,customer
Menno Amon,AmonM@comcast.net,customer
Janeisha Kolleen,KolleenJ@facebook.com,customer
Renetta Lorinda,LorindaR@comcast.net,customer
Berkley Karen,KarenB@aol.com,customer
Malina Mikeala,MikealaM@live.com,customer
Laterica Elvina,ElvinaL@att.net,customer
Kerry Candyse,CandyseK@mail.com,customer
Marcos Danen,DanenM@gmail.com,customer
Kapri Chelsy,ChelsyK@comcast.net,customer
Shawnee Shalisa,ShalisaS@mail.com,customer
Raeanna Vika,VikaR@msn.com,customer
Lamone Jeffrie,JeffrieL@comcast.net,customer
Rianna Trevan,TrevanR@aol.com,customer
Trena Nairoby,NairobyT@facebook.com,customer
Kimberly Tenequa,TenequaK@yahoo.com,customer
Megon Jarrel,JarrelM@aol.com,customer
Errika Teala,TealaE@msn.com,customer
Tawanda Margan,MarganT@aol.com,customer
Chino Laquasia,LaquasiaC@facebook.com,customer
Tamella Thaddeaus,ThaddeausT@mail.com,customer
Kuulei Graceann,GraceannK@comcast.net,customer
York Lillie,LillieY@comcast.net,customer
Nickoles Carlus,CarlusN@live.com,customer
Niomi Breeana,BreeanaN@msn.com,customer
Nathalie Tamica,TamicaN@gmail.com,customer
Yona Leighann,LeighannY@att.net,customer
Angelika Anjulie,AnjulieA@aol.com,customer
Jermaine Sirena,SirenaJ@mail.com,customer
Tansy Darril,DarrilT@live.com,customer
Shakeema Shawnika,ShawnikaS@live.com,customer
Javaris Phung,PhungJ@facebook.com,customer
Laval Mable,MableL@msn.com,customer
Ikia Latitia,LatitiaI@hotmail.com,customer
Nashawn Mahala,MahalaN@gmail.com,customer
Annell Irvin,IrvinA@mail.com,customer
Kam Ma,MaK@live.com,customer
Mayra Tamika,TamikaM@msn.com,customer
Dilcia Arie,ArieD@gmail.com,customer
Domanique Sarath,SarathD@mail.com,customer
Bria Carmisha,CarmishaB@mail.com,customer
Tanekia Enedina,EnedinaT@facebook.com,customer
Kamika Odell,OdellK@comcast.net,customer
Philomena Lanae,LanaeP@live.com,customer
Ajani Ruston,RustonA@att.net,customer
Riko Corrina,CorrinaR@comcast.net,customer
Destini Donyell,DonyellD@comcast.net,customer
Amyjo Lillie,LillieA@gmail.com,customer
Ebone Broderick,BroderickE@facebook.com,customer
Chrishanna Carrol,CarrolC@facebook.com,customer
Rany Monchel,MonchelR@gmail.com,customer
Ladaris Sydney,SydneyL@hotmail.com,customer
Mckenna Judy,JudyM@facebook.com,customer
Johnanthony Saisha,SaishaJ@mail.com,customer
Jerson Derwin,DerwinJ@gmail.com,customer
Sheetal Tonya,TonyaS@hotmail.com,customer
Mashanda Cleopatra,CleopatraM@msn.com,customer
Kya Sunni,SunniK@facebook.com,customer
Creg Zulay,ZulayC@aol.com,customer
Shakeem Amymarie,AmymarieS@aol.com,customer
Leea Kyndall,KyndallL@facebook.com,customer
Savvas Maija,MaijaS@comcast.net,customer
Monico Mekos,MekosM@msn.com,customer
Elisah Krishna,KrishnaE@aol.com,customer
Micaella Johanna,JohannaM@facebook.com,customer
Devan Sandy,SandyD@gmail.com,customer
Laddie Jesusita,JesusitaL@live.com,customer
Ernie Estefany,EstefanyE@gmail.com,customer
Victoriano Conchita,ConchitaV@mail.com,customer
Kariann Teenamarie,TeenamarieK@comcast.net,customer
Sharmane Jacalyn,JacalynS@msn.com,customer
Cressie Brayden,BraydenC@hotmail.com,customer
Hoyt Gamalier,GamalierH@live.com,customer
Iona Yashica,YashicaI@att.net,customer
Zora Quantina,QuantinaZ@mail.com,customer
Latrece Jamekia,JamekiaL@facebook.com,customer
Zaynab Shauntae,ShauntaeZ@comcast.net,customer
Jovonne Narayana,NarayanaJ@facebook.com,customer
Keelie Suzana,SuzanaK@facebook.com,customer
Katera Sherina,SherinaK@hotmail.com,customer
Royale Mena,MenaR@yahoo.com,customer
Beatrize Michaelia,MichaeliaB@live.com,customer
Jemaine Rahn,RahnJ@aol.com,customer
Winton Wright,WrightW@facebook.com,customer
Odessa Leviticus,LeviticusO@mail.com,customer
Dallen Rika,RikaD@facebook.com,customer
Aquino Jyoti,JyotiA@gmail.com,customer
Kiley Kristyann,KristyannK@gmail.com,customer
Katrell Winnie,WinnieK@mail.com,customer
Jasmin Sherrel,SherrelJ@msn.com,customer
Elonzo Kerin,KerinE@gmail.com,customer
Takeisha Jenalee,JenaleeT@hotmail.com,customer
Czarina Electa,ElectaC@comcast.net,customer
Katurah Micki,MickiK@att.net,customer
Tani Lamekia,LamekiaT@hotmail.com,customer
Jamira Jacinta,JacintaJ@att.net,customer
Neila Adel,AdelN@facebook.com,customer
Norine Tereasa,TereasaN@aol.com,customer
Elvera Nisreen,NisreenE@hotmail.com,customer
Mickle Chasiti,ChasitiM@yahoo.com,customer
Fern Keithan,KeithanF@facebook.com,customer
Almadelia Antonette,AntonetteA@live.com,customer
Andreanna Augustina,AugustinaA@mail.com,customer
Jamile Jaymi,JaymiJ@mail.com,customer
Cassee Alanda,AlandaC@att.net,customer
Kristin Duong,DuongK@yahoo.com,customer
Natilee Denetria,DenetriaN@aol.com,customer
Jusitn Antwoin,AntwoinJ@mail.com,customer
Dafina Emilene,EmileneD@yahoo.com,customer
Olegario Essie,EssieO@facebook.com,customer
Shalise Jeronimo,JeronimoS@comcast.net,customer
Tacora Donya,DonyaT@yahoo.com,customer
Tikeisha Isaac,IsaacT@comcast.net,customer
Shanaya Lex,LexS@facebook.com,customer
Vanisha Tell,TellV@msn.com,customer
Kalene Willilam,WillilamK@facebook.com,customer
Bradey Katheryne,KatheryneB@aol.com,customer
Lenee Josetta,JosettaL@yahoo.com,customer
Shainna Angelie,AngelieS@msn.com,customer
Hector Lindse,LindseH@hotmail.com,customer
Zoraida Aubre,AubreZ@facebook.com,customer
Eusebio Loreto,LoretoE@aol.com,customer
Ashlen Barak,BarakA@gmail.com,customer
Marcas Africa,AfricaM@msn.com,customer
Tedi Herbie,HerbieT@hotmail.com,customer
Hien Shanetta,ShanettaH@att.net,customer
Yeshaya Tyeshia,TyeshiaY@comcast.net,customer
Vishal Mera,MeraV@hotmail.com,customer
Cherylann Laurina,LaurinaC@yahoo.com,customer
Satin Arnaldo,ArnaldoS@gmail.com,customer
Davette Jamen,JamenD@msn.com,customer
Mar Orie,OrieM@msn.com,customer
Keegan Jaccob,JaccobK@att.net,customer
Demarius Deangelo,DeangeloD@yahoo.com,customer
Denice Lequan,LequanD@mail.com,customer
Caleb Telicia,TeliciaC@live.com,customer
Tieka Torry,TorryT@att.net,customer
Rahmel Deshane,DeshaneR@aol.com,customer
Danie Clemon,ClemonD@msn.com,customer
Alexsandra Laken,LakenA@live.com,customer
Seaira Marquasha,MarquashaS@mail.com,customer
Naja Melanie,MelanieN@mail.com,customer
Ida Colan,ColanI@gmail.com,customer
Alisia Anikka,AnikkaA@facebook.com,customer
Harinder Laurenmarie,LaurenmarieH@att.net,customer
Keisha Ambriel,AmbrielK@hotmail.com,customer
Jc Kathlyn,KathlynJ@msn.com,customer
Semone Devora,DevoraS@yahoo.com,customer
Bradon Maghen,MaghenB@gmail.com,customer
Travious Apolinar,ApolinarT@msn.com,customer
Cordney Demaris,DemarisC@yahoo.com,customer
Rosenda Teja,TejaR@mail.com,customer
Adrena Darus,DarusA@aol.com,customer
Wyman Shavondra,ShavondraW@facebook.com,customer
Nicholle Davonna,DavonnaN@mail.com,customer
Axel Brenton,BrentonA@aol.com,customer
Chandi Chuck,ChuckC@facebook.com,customer
Husam Mekos,MekosH@live.com,customer
Jillayne Lakara,LakaraJ@msn.com,customer
Charmel Michaelanthony,MichaelanthonyC@aol.com,customer
Tavon Chontel,ChontelT@yahoo.com,customer
Amonda Tashae,TashaeA@yahoo.com,customer
Dontrail Shareka,SharekaD@gmail.com,customer
Kanitha Lamorris,LamorrisK@comcast.net,customer
Lan Ammon,AmmonL@comcast.net,customer
Magdalyn Maia,MaiaM@aol.com,customer
Aldin Kariann,KariannA@att.net,customer
Nakima Shamela,ShamelaN@live.com,customer
Kathryne Houa,HouaK@msn.com,customer
Curtrina Zenon,ZenonC@comcast.net,customer
Andee Cesilia,CesiliaA@hotmail.com,customer
Alora Roxana,RoxanaA@live.com,customer
Thoms Delrico,DelricoT@msn.com,customer
Yiannis Reed,ReedY@mail.com,customer
Shilpa Lawson,LawsonS@msn.com,customer
Koral Kalle,KalleK@gmail.com,customer
Purvis Achilles,AchillesP@live.com,customer
Renay Favio,FavioR@mail.com,customer
Yee Avanti,AvantiY@yahoo.com,customer
Shereece Lilian,LilianS@mail.com,customer
Gale Brittnee,BrittneeG@live.com,customer
Marrissa Lakasha,LakashaM@aol.com,customer
Jemell Chelisa,ChelisaJ@facebook.com,customer
Faheem Britny,BritnyF@mail.com,customer
Corvetta Magnum,MagnumC@live.com,customer
Vicenta Cheyanna,CheyannaV@facebook.com,customer
Tiphany Kaneshia,KaneshiaT@aol.com,customer
Lathan Shiree,ShireeL@live.com,customer
Rasheed Reena,ReenaR@aol.com,customer
Aurora Apolinar,ApolinarA@yahoo.com,customer
Ivone Alina,AlinaI@yahoo.com,customer
Quashawn Analicia,AnaliciaQ@mail.com,customer
Simone Charnita,CharnitaS@msn.com,customer
Jason Jermone,JermoneJ@live.com,customer
Roshelle Gerren,GerrenR@live.com,customer
Shakesha Shareen,ShareenS@facebook.com,customer
Isabella Arcelia,ArceliaI@hotmail.com,customer
Kolbi Marena,MarenaK@mail.com,customer
Jamarl Natassia,NatassiaJ@hotmail.com,customer
Markise Shavawn,ShavawnM@msn.com,customer
Betty Cornelious,CorneliousB@msn.com,customer
Verena Gittel,GittelV@gmail.com,customer
Eunique Laneesha,LaneeshaE@msn.com,customer
Kimbrly Zora,ZoraK@aol.com,customer
Keeton Sacha,SachaK@hotmail.com,customer
Laguanda Sydni,SydniL@mail.com,customer
Sakina Humphrey,HumphreyS@yahoo.com,customer
Devri Chelsie,ChelsieD@yahoo.com,customer
Wynton Keianna,KeiannaW@hotmail.com,customer
Fanny Kourtnie,KourtnieF@facebook.com,customer
Kecia Telah,TelahK@msn.com,customer
Zulema Brentton,BrenttonZ@aol.com,customer
Cariann Chaka,ChakaC@hotmail.com,customer
Zaid Shauntel,ShauntelZ@hotmail.com,customer
Adell Wilber,WilberA@yahoo.com,customer
Cierra Crescentia,CrescentiaC@att.net,customer
Johathon Lofton,LoftonJ@aol.com,customer
Mathis Damon,DamonM@live.com,customer
Sherica Pearline,PearlineS@comcast.net,customer
Tibisay Therron,TherronT@comcast.net,customer
Adekunle Latoy,LatoyA@att.net,customer
Jessamine Uzoamaka,UzoamakaJ@yahoo.com,customer
Nery Sheina,SheinaN@att.net,customer
Mariama Imani,ImaniM@att.net,customer
Sofie Daphne,DaphneS@hotmail.com,customer
Rishawn Marjory,MarjoryR@live.com,customer
Katieann Nazario,NazarioK@att.net,customer
Reginold Phuong,PhuongR@mail.com,customer
Lizandro Mikala,MikalaL@live.com,customer
Micaiah Nachole,NacholeM@live.com,customer
Rashelle Lashawnna,LashawnnaR@mail.com,customer
Shon Mithcell,MithcellS@live.com,customer
Britny Iris,IrisB@mail.com,customer
Willam Fawna,FawnaW@mail.com,customer
Camarie Naima,NaimaC@mail.com,customer
Darik Jerrit,JerritD@hotmail.com,customer
Jamica Cora,CoraJ@msn.com,customer
Kendal Athony,AthonyK@mail.com,customer
Jenie Siearra,SiearraJ@att.net,customer
Phillis Amberlynn,AmberlynnP@att.net,customer
Lynelle Gao,GaoL@aol.com,customer
Nivia Micholas,MicholasN@comcast.net,customer
Quran Brodi,BrodiQ@yahoo.com,customer
Cheyanne Viliami,ViliamiC@comcast.net,customer
Maddison Claudius,ClaudiusM@gmail.com,customer
Forest Crista,CristaF@aol.com,customer
Kevi Isauro,IsauroK@aol.com,customer
Mariquita Clarance,ClaranceM@live.com,customer
Kimika Jb,JbK@live.com,customer
Sirron Tavin,TavinS@facebook.com,customer
Shela Jerrid,JerridS@gmail.com,customer
Vikas Charolette,CharoletteV@yahoo.com,customer
Ravyn Bobbi,BobbiR@mail.com,customer
Shifra Antown,AntownS@yahoo.com,customer
Mikel Kashana,KashanaM@att.net,customer
Emilly Micaella,MicaellaE@gmail.com,customer
Kumar Andray,AndrayK@yahoo.com,customer
Keshana Phyllip,PhyllipK@mail.com,customer
Karley Shanelle,ShanelleK@msn.com,customer
Andria Yisroel,YisroelA@yahoo.com,customer
Angelette Marieke,MariekeA@att.net,customer
Hisham Shamonica,ShamonicaH@live.com,customer
Travian Darrol,DarrolT@facebook.com,customer
Diedra Searra,SearraD@yahoo.com,customer
Chala Savahanna,SavahannaC@hotmail.com,customer
Adolpho Lavon,LavonA@gmail.com,customer
Celinda Estaban,EstabanC@comcast.net,customer
Shann Landria,LandriaS@hotmail.com,customer
Gabrella Jelisa,JelisaG@msn.com,customer
Cartney Joletta,JolettaC@live.com,customer
Kadeidra Akisha,AkishaK@gmail.com,customer
Jerrick Ammanda,AmmandaJ@live.com,customer
Jermarcus Fausto,FaustoJ@aol.com,customer
Kaylea Delinda,DelindaK@mail.com,customer
Meriam Gustav,GustavM@live.com,customer
Tila Taneya,TaneyaT@att.net,customer
Kennya Rolonda,RolondaK@att.net,customer
Lorry Clintin,ClintinL@gmail.com,customer
Aryn Harmonie,HarmonieA@mail.com,customer
Brandey Clorinda,ClorindaB@live.com,customer
Bucky Elektra,ElektraB@mail.com,customer
Clyde Coretta,CorettaC@aol.com,customer
Mohamad Rodell,RodellM@msn.com,customer
Rodderick Mardi,MardiR@att.net,customer
Darroll Eliel,ElielD@yahoo.com,customer
Amberlee Clarie,ClarieA@hotmail.com,customer
Olajuwon Aryana,AryanaO@hotmail.com,customer
Fulton Kaprice,KapriceF@mail.com,customer
Lorn Barbi,BarbiL@gmail.com,customer
Tanika Corban,CorbanT@gmail.com,customer
Bach Liam,LiamB@gmail.com,customer
Zakiyah Roanna,RoannaZ@gmail.com,customer
Xandria Jarit,JaritX@att.net,customer
Ebone Penina,PeninaE@hotmail.com,customer
Alexia Channy,ChannyA@live.com,customer
Lana Michaelanthony,MichaelanthonyL@yahoo.com,customer
Herschell Jayson,JaysonH@hotmail.com,customer
Melia Shere,ShereM@gmail.com,customer
Mattia Edouard,EdouardM@aol.com,customer
Keath Sandra,SandraK@yahoo.com,customer
Jazzmine Channel,ChannelJ@comcast.net,customer
Rondi Sherria,SherriaR@mail.com,customer
Hillarie Fatisha,FatishaH@hotmail.com,customer
Jessamy Jadira,JadiraJ@facebook.com,customer
Kamelia Jondavid,JondavidK@yahoo.com,customer
Jarrid Sou,SouJ@facebook.com,customer
Maleia Lelia,LeliaM@aol.com,customer
Jamonte Ronnette,RonnetteJ@att.net,customer
Turell Zaneta,ZanetaT@aol.com,customer
Mariachristina Tramel,TramelM@msn.com,customer
Marla Javonne,JavonneM@mail.com,customer
Bentley Emileigh,EmileighB@facebook.com,customer
Tyreek Juleah,JuleahT@live.com,customer
Rowena Sharli,SharliR@gmail.com,customer
Karita Yeni,YeniK@gmail.com,customer
Niomi Jericho,JerichoN@live.com,customer
Sarena Fransico,FransicoS@att.net,customer
Audria Nadege,NadegeA@hotmail.com,customer
Grandon Harriet,HarrietG@gmail.com,customer
Taralynn Dion,DionT@comcast.net,customer
Chivonne Salima,SalimaC@live.com,customer
Nicle Sung,SungN@gmail.com,customer
Ladarryl Donika,DonikaL@mail.com,customer
Hiep Shaunna,ShaunnaH@gmail.com,customer
Kwesi Kendle,KendleK@gmail.com,customer
Kirsti Janette,JanetteK@aol.com,customer
Letty Omayra,OmayraL@comcast.net,customer
Zonia Karyn,KarynZ@comcast.net,customer
Derak Raynaldo,RaynaldoD@yahoo.com,customer
Taisha Maila,MailaT@yahoo.com,customer
Elvia Kourtnee,KourtneeE@mail.com,customer
Jayme Lekita,LekitaJ@live.com,customer
Lemont Coty,CotyL@live.com,customer
Aristeo Howell,HowellA@hotmail.com,customer
Tamario Colbi,ColbiT@live.com,customer
Chisty Elizabth,ElizabthC@gmail.com,customer
Samaria Danni,DanniS@mail.com,customer
Rodriques Vikash,VikashR@live.com,customer
Tralana Shawnell,ShawnellT@att.net,customer
Kirston Carianne,CarianneK@facebook.com,customer
Dawanna Tekia,TekiaD@facebook.com,customer
Deeann Jamarius,JamariusD@gmail.com,customer
Dariel Lekita,LekitaD@mail.com,customer
Ryann Brette,BretteR@msn.com,customer
Jacklyn Lizandro,LizandroJ@hotmail.com,customer
Candice Ahuva,AhuvaC@aol.com,customer
Albany Demetrius,DemetriusA@yahoo.com,customer
Amberly Lyn,LynA@gmail.com,customer
Jovonna Ainslee,AinsleeJ@yahoo.com,customer
Emilyrose Tarra,TarraE@hotmail.com,customer
Nathanal Justen,JustenN@mail.com,customer
Nyree Deondre,DeondreN@comcast.net,customer
Romanda Alonza,AlonzaR@facebook.com,customer
Stphanie Laurina,LaurinaS@aol.com,customer
Eve Ilsa,IlsaE@hotmail.com,customer
Daleena Folasade,FolasadeD@hotmail.com,customer
Nellie Trenea,TreneaN@hotmail.com,customer
Rosheena Sanjuanita,SanjuanitaR@comcast.net,customer
Jessamy Karlita,KarlitaJ@mail.com,customer
Chau Rosio,RosioC@msn.com,customer
Delon Brielle,BrielleD@hotmail.com,customer
Bowman Pratik,PratikB@facebook.com,customer
Bethann Shayna,ShaynaB@live.com,customer
Shamela Silvia,SilviaS@yahoo.com,customer
Mick Shakia,ShakiaM@aol.com,customer
Rache Jacorey,JacoreyR@yahoo.com,customer
Quantarius Adriann,AdriannQ@aol.com,customer
Maceo Halbert,HalbertM@yahoo.com,customer
Ceirra Nhan,NhanC@yahoo.com,customer
Antonette Thinh,ThinhA@facebook.com,customer
Tashiba Jamy,JamyT@comcast.net,customer
Kenrick Leyna,LeynaK@yahoo.com,customer
Quashon Alphonzo,AlphonzoQ@msn.com,customer
Cal Nakkia,NakkiaC@hotmail.com,customer
Nashira Alycen,AlycenN@aol.com,customer
Donnita Stevens,StevensD@hotmail.com,customer
Chloe Chalise,ChaliseC@comcast.net,customer
Micahel Daphnie,DaphnieM@att.net,customer
Daley Jolean,JoleanD@mail.com,customer
Adara Rissa,RissaA@comcast.net,customer
Lashawnna Nairoby,NairobyL@hotmail.com,customer
Latesia Maxine,MaxineL@yahoo.com,customer
Jeslyn Shyam,ShyamJ@gmail.com,customer
Irish Duong,DuongI@yahoo.com,customer
Nivia Kirby,KirbyN@mail.com,customer
Taralee Kinsey,KinseyT@mail.com,customer
Rayla Herman,HermanR@comcast.net,customer
Chasity Harvey,HarveyC@att.net,customer
Carolann Laurina,LaurinaC@facebook.com,customer
Keesha Wynonna,WynonnaK@mail.com,customer
Detrick Vernetta,VernettaD@att.net,customer
Maxfield Roshawn,RoshawnM@att.net,customer
Caylin Johnnylee,JohnnyleeC@aol.com,customer
Gurpreet Sonal,SonalG@hotmail.com,customer
Moriah Jolee,JoleeM@facebook.com,customer
Jeneen Indira,IndiraJ@att.net,customer
Shalita Jeanise,JeaniseS@gmail.com,customer
Ginette Alegandro,AlegandroG@aol.com,customer
Mylinda Lidia,LidiaM@aol.com,customer
Toi Nicosha,NicoshaT@aol.com,customer
Lorilei Rebbeca,RebbecaL@att.net,customer
Sophie Demita,DemitaS@comcast.net,customer
Keisha Lorren,LorrenK@facebook.com,customer
Salman Claudette,ClaudetteS@aol.com,customer
Pattie Renzo,RenzoP@yahoo.com,customer
Hoang Valdemar,ValdemarH@facebook.com,customer
Leaann Waylon,WaylonL@gmail.com,customer
Kevin Tanessa,TanessaK@hotmail.com,customer
Monico Alys,AlysM@yahoo.com,customer
Joyelle Cristina,CristinaJ@yahoo.com,customer
Jafar Romeka,RomekaJ@comcast.net,customer
Deniqua Denay,DenayD@mail.com,customer
Akhil Chiketa,ChiketaA@comcast.net,customer
Shiesha Shandie,ShandieS@hotmail.com,customer
Candis Delton,DeltonC@aol.com,customer
Lacretia Isaias,IsaiasL@msn.com,customer
Decarlos Melaney,MelaneyD@msn.com,customer
Isidra Daphnie,DaphnieI@facebook.com,customer
Jarin Mart,MartJ@aol.com,customer
Lyna Chardae,ChardaeL@hotmail.com,customer
Angus Fue,FueA@msn.com,customer
Edd Thinh,ThinhE@att.net,customer
Lelani Brad,BradL@att.net,customer
Natan Larelle,LarelleN@aol.com,customer
Jawanda Wendie,WendieJ@msn.com,customer
Hetal Aishia,AishiaH@msn.com,customer
Laural Amin,AminL@facebook.com,customer
Manan Nafeesah,NafeesahM@msn.com,customer
Corrine Venus,VenusC@aol.com,customer
Tracie Rosalina,RosalinaT@msn.com,customer
Shone Siri,SiriS@hotmail.com,customer
Burton Salima,SalimaB@aol.com,customer
Rifka Meaghan,MeaghanR@gmail.com,customer
Hasan Marrissa,MarrissaH@mail.com,customer
Verena Marquice,MarquiceV@hotmail.com,customer
Corneilius Laraine,LaraineC@gmail.com,customer
Sony Genisha,GenishaS@hotmail.com,customer
Darlene Curry,CurryD@att.net,customer
Shonte Terris,TerrisS@msn.com,customer
Burak Shamya,ShamyaB@aol.com,customer
Andrzej Sandor,SandorA@live.com,customer
Shuree Zandria,ZandriaS@yahoo.com,customer
Ashlen Elsie,ElsieA@att.net,customer
Arran Havilah,HavilahA@live.com,customer
Caden Boy,BoyC@att.net,customer
Marcas Aric,AricM@hotmail.com,customer
Shane Delfino,DelfinoS@msn.com,customer
Abe Curits,CuritsA@comcast.net,customer
Curits Doreen,DoreenC@att.net,customer
Darron Cayle,CayleD@msn.com,customer
Arti Siobahn,SiobahnA@hotmail.com,customer
Marlyn Lashawn,LashawnM@mail.com,customer
Ronal Jamespaul,JamespaulR@mail.com,customer
Cigi Toribio,ToribioC@hotmail.com,customer
Ari Shie,ShieA@gmail.com,customer
Shontelle Devina,DevinaS@yahoo.com,customer
Linzey Shawnette,ShawnetteL@yahoo.com,customer
Lizzeth Lucinda,LucindaL@mail.com,customer
Dewayne Jeni,JeniD@mail.com,customer
Patrica Avel,AvelP@yahoo.com,customer
Giulia Lyndon,LyndonG@live.com,customer
Hope Jannel,JannelH@att.net,customer
Keana Kelan,KelanK@comcast.net,customer
Branigan Tiauna,TiaunaB@att.net,customer
Yonathan Elonda,ElondaY@msn.com,customer
Adolphus Diandrea,DiandreaA@yahoo.com,customer
Brenee Roddy,RoddyB@msn.com,customer
Eldrick Fatina,FatinaE@mail.com,customer
Deedee Nori,NoriD@hotmail.com,customer
Shantaya Tramel,TramelS@gmail.com,customer
Santonio Jezabel,JezabelS@att.net,customer
